Albums::::
 INSERT INTO artists(artist_id, artist_name)
	VALUES
('1', 'Take That'),
('2', 'Oasis'),
('3', 'Fleetwood Mac'),
('4', 'Post Malone'),
('5', 'Lil Uzi Vert'),
('6', 'The Beatles'),
('7', 'Nirvana'),
('8', 'Tom Odell'),
('9', 'paolo Nutini');




 INSERT INTO albums(album_id, album_name, date_of_release)
	VALUES
('1', 'Progress', '2010-11-15'),
('2', 'Be Here Now', '1997-08-21'), 
('3', 'Rumours', '1977-02-04'),
('4', 'Stoney', '2016-12-09'  ),
('5', 'Eternal Atake', '2020-03-06'  ),
('6', 'Abbey Road', '1969-09-26' ),
('7', 'Nevermind', '1991-09-24' ),
('8', 'Long Way Down', '2013-06-24' ),
('9', 'Sunny Side Up', '2009-05-01' );



INSERT INTO songs(song_id, song_name, genre, song_length, date_of_release)
	VALUES
('1', 'The Flood', 'pop', '4.49', '2010-10-15' ),
('2', 'SOS', 'pop', '3.44', '2010-11-20' ),
('3', 'Wait', 'pop', '4.14', '2010-11-10' ),
('4', 'Kidz', 'alternative', '4.42', '2010-12-02' ),
('5', 'Pretty Things', 'pop', '4.03', '2010-10-15' ),
('6', 'Happy now', 'indie', '4.02', '2010-10-15' ),
('7', 'Underground Machine', 'pop', '4.15', '2010-10-15' ),
('8', 'What do you want from me', 'pop', '4.37', '2010-10-15' ),
('9', 'Affirmation', 'pop', '3.54', '2010-10-15' ),
('10', 'Eight Letters', 'pop', '4.40', '2010-10-16' ),
('11', 'Do you know what I mean', 'rock', '7.44', '1997-08-21' ),
('12', 'My Big Mouth', 'rock', '5.12', '1997-09-01' ),
('13', 'Magic Pie', 'rock', '7.11', '1997-09-01' ),
('14', 'Stand by Me', 'alternative', '5.56', '1997-08-21' ),
('15', 'I Hope I think I know', 'rock', '4.23', '1997-08-21' ),
('16', 'The girl in the dirty shirt', 'rock', '5.50', '1997-08-21' ),
('17', 'Fade In Out', 'rock', '6.52', '1997-09-15' ),
('18', 'Dont go away', 'indie', '4.49', '1997-09-30' ),
('19', 'Second Hand news', 'rock', '2.57', '1977-03-04' ),
('20', 'Dreams', 'country', '4.18', '1977-02-24' ),
('21', 'Never going back again', 'blues', '2.15', '1977-02-04' ),
('22', 'Dont Stop', 'folk', '3.14', '1977-02-04' ),
('23', 'Go your own way', 'soul', '3.44', '1977-02-04' ),
('24', 'Songbird', 'rock', '3.21', '1977-02-04' ),
('25', 'The Chain', 'rock', '4.30', '1977-02-04' ),
('26', 'You make loving fun', 'folk', '3.34', '1977-09-04' ),
('27', 'I dont want to know', 'alernative', '3.17', '1977-09-04' ),
('28', 'Oh daddy', 'rock', '3.57', '1977-08-04' ),
('29', 'Gold Dust Woman', 'folk', '4.56', '1977-03-04' ),
('30', 'Broken whiskey glass', 'hip-hop', '3.53', '2016-12-11' ),
('31', 'Big lie', 'hip-hop', '3.27', '2016-12-09' ),
('32', 'Deja Vu (feat. Justin Bieber)', 'R&B', '3.54', '2016-09-09' ),
('33', 'No Option', 'R&B', '2.59', '2017-01-09' ),
('34', 'Cold', 'rap', '4.28', '2016-12-19' ),
('35', 'White iverson', 'rap', '4.16', '2015-08-14' ),
('36', 'I fall apart', 'alternative hip-hop', '3.43', '2016-12-09' ),
('37', 'Patient', 'rap', '3.14', '2016-12-11' ),
('38', 'Go flex', 'rap', '2.59', '2016-12-11' ),
('39', 'Too Young', 'rap', '3.57', '2015-10-09' ),
('40', 'Congratulations (feat. Quavo)', 'rap', '3.40', '2016-12-23' ),
('41', 'Up there', 'R&B', '3.14', '2016-12-09' ),
('42', 'Yours truly, Austin Post', 'country', '3.39', '2016-12-09' ),
('43', 'Baby pluto', 'rap', '3.31', '2020-03-06' ),
('44', 'Lo mein', 'soul', '3.16', '2020-04-24' ),
('45', 'Silly watch', 'rap', '3.16', '2020-03-06' ),
('46', 'Pop', 'rap', '3.48', '2020-05-01' ),
('47', 'Homecoming', 'rap', '3.34', '2020-03-06' ),
('48', 'Bigger than life', 'hip-hop', '3.13', '2020-03-06' ),
('49', 'Chrome heart tags', 'rap', '3.33', '2020-03-06' ),
('50', 'Prices', 'soul', '3.54', '2020-04-01' ),
('51', 'Urgency (feat. Syd) ', 'R&B', '3.02', '2020-01-09' ),
('52', 'Venetia', 'rap', '3.09', '2020-03-09' ),
('53', 'P2', 'rap', '3.55', '2020-01-09' ),
('54', 'Come together', 'blue rock', '4.21', '1969-09-26' ),
('55', 'Something', 'rock', '3.03', '1969-09-28' ),
('56', 'Oh darling', 'pop', '2.51', '1969-09-28' ),
('57', 'Octopus garden', 'rock', '3.28', '1969-10-03' ),
('58', 'I want you', 'folk rock', '7.48', '1969-10-03' ),
('59', 'Here comes the sun', 'pop rock', '3.06', '1969-11-26' ),
('60', 'Because', 'alternative', '2.46', '1968-04-25' ),
('61', 'The end', 'pop', '2.22', '1969-09-26' ),
('62', 'Her Majesty', 'folk', '0.26', '1969-09-29' ),
('63', 'Smells like teen spirit', 'rock', '5.01', '1991-09-29' ),
('64', 'Come as you are', 'grunge', '3.38', '1991-05-28' ),
('65', 'Drain you', 'grunge', '3.43', '1991-09-24' ),
('66', 'On a plain', 'grunge', '3.14', '1991-11-29' ),
('67', 'Something in the way', 'acoustic rock', '3.52', '1991-07-19' ),
('68', 'Endless, nameless', 'sludge metal', '6.43', '1991-09-24' ),
('69', 'Grow old with me', 'adult contemporary', '3.04', '2013-11-14' ),
('70', 'Hold me', 'adult contemporary', '3.09', '2013-06-24' ),
('71', 'Another love', 'pop', '4.05', '2013-06-24' ),
('72', 'I know', 'singer-songwriter', '3.53', '2013-06-29' ),
('73', 'Sense', 'singer-songwriter', '4.35', '2013-06-26' ),
('74', 'Supposed to be', 'country', '3.34', '2013-07-20' ),
('75', 'Long way down', 'pop', '2.30', '2013-08-24' ),
('76', 'Sirens', 'pop', '3.42', '2013-06-25' ),
('77', '10/10', 'alternative', '2.57', '2009-05-31' ),
('78', 'Coming up easy', 'pop', '4.19', '2009-08-31' ),
('79', 'Candy', 'singer-songwriter', '4.59', '2009-05-01' ),
('80', 'Tricks of the trade', 'pop', '2.33', '2009-09-11' ),
('81', 'Pencil full of lead', 'pop', '2.27', '2009-05-01' ),
('82', 'High hopes', 'indie', '2.57', '2009-05-01' ),
('83', 'Simple things', 'alternative', '2.34', '2009-07-02' ),
('84', 'worried man', 'R&B', '3.02', '2009-12-11' );





 INSERT INTO album_artist(album_id, artist_id)
	VALUES
('1', '1'),
('2', '2'),
('3', '3'),
('4', '4'),
('5', '5'),
('6', '6'),
('7', '7'),
('8', '8'),
('9', '9');


INSERT INTO song_artist(song_id, artist_id)
    VALUES
        ('1', '1' ),
        ('2', '1'),
        ('3', '1'),
        ('4', '1'),
        ('5', '1'),
        ('6', '1'),
        ('7', '1' ),
        ('8', '1' ),
        ('9', '1'),
        ('10', '1'),
        ('11', '2'),
        ('12', '2'),
        ('13', '2'),
        ('14', '2'),
        ('15', '2'),
        ('16', '2'),
        ('17', '2'),
        ('18', '2'),
        ('19', '3'),
        ('20', '3'),
        ('21', '3'),
        ('22', '3'),
        ('23', '3'),
        ('24', '3'),
        ('25', '3'),
        ('26', '3'),
        ('27', '3'),
        ('28', '3'),
        ('29', '4'),
        ('30', '4'),
        ('31', '4'),
        ('32', '4'),
        ('33', '4'),
        ('34', '4'),
        ('35', '4'),
        ('36', '4'),
        ('37', '4'),
        ('38', '4'),
        ('39', '4'),
        ('40', '4'),
        ('41', '4'),
        ('42', '4'),
        ('43', '5'),
        ('44', '5'),
        ('45', '5'),
        ('46', '5'),
        ('47', '5'),
        ('48', '5'),
        ('49', '5'),
        ('50', '5'),
        ('51', '5'),
        ('52', '5'),
        ('53', '5'),
        ('54', '6'),
        ('55', '6'),
        ('56', '6'),
        ('57', '6'),
        ('58', '6'),
        ('59', '6'),
        ('60', '6'),
        ('61', '6'),
        ('62', '6'),
        ('63', '7'),
        ('64', '7'),
        ('65', '7'),
        ('66', '7'),
        ('67', '7'),
        ('68', '7'),
        ('69', '8'),
        ('70', '8'),
        ('71', '8'),
        ('72', '8'),
        ('73', '8'),
        ('74', '8'),
        ('75', '8'),
        ('76', '8'),
        ('77', '9'),
        ('78', '9'),
        ('79', '9'),
        ('80', '9'),
        ('81', '9'),
        ('82', '9'),
        ('83', '9'),
        ('84', '9');

INSERT INTO song_album(song_id, album_id, track_no)
    VALUES             
             ('1', '1', '1' ),
             ('2', '1', '4'),
             ('3', '1', '2'),
             ('4', '1', '7'),
             ('5', '1', '8'),
             ('6', '1', '9'),
             ('7', '1', '5' ),
             ('8', '1', '6' ),
             ('9', '1', '12'),
             ('10', '1', '11'),
             ('11', '2', '2'),
             ('12', '2', '1'),
             ('13', '2', '3'),
             ('14', '2', '6'),
             ('15', '2', '7'),
             ('16', '2', '13'),
             ('17', '2', '15'),
             ('18', '2', '19'),
             ('19', '3', '4'),
             ('20', '3', '5'),
             ('21', '3', '1'),
             ('22', '3', '3'),
             ('23', '3', '2'),
             ('24', '3', '8'),
             ('25', '3', '7'),
             ('26', '3', '6'),
             ('27', '3', '9'),
             ('28', '3', '11'),
             ('29', '4', '1'),
             ('30', '4', '2'),
             ('31', '4', '3'),
             ('32', '4', '11'),
             ('33', '4', '12'),
             ('34', '4', '13'),
             ('35', '4', '5'),
             ('36', '4', '6'),
             ('37', '4', '8'),
             ('38', '4', '7'),
             ('39', '4', '9'),
             ('40', '4', '22'),
             ('41', '4', '17'),
             ('42', '4', '18'),
             ('43', '5', '1'),
             ('44', '5', '2'),
             ('45', '5', '3'),
             ('46', '5', '4'),
             ('47', '5', '5'),
             ('48', '5', '6'),
             ('49', '5', '7'),
             ('50', '5', '8'),
             ('51', '5', '9'),
             ('52', '5', '10'),
             ('53', '5', '11'),
             ('54', '6', '11'),
             ('55', '6', '2'),
             ('56', '6', '7'),
             ('57', '6', '8'),
             ('58', '6', '9'),
             ('59', '6', '1'),
             ('60', '6', '3'),
             ('61', '6', '4'),
             ('62', '6', '19'),
             ('63', '7', '2'),
             ('64', '7', '3'),
             ('65', '7', '1'),
             ('66', '7', '4'),
             ('67', '7', '5'),
             ('68', '7', '8'),
             ('69', '8', '7'),
             ('70', '8', '1'),
             ('71', '8', '4'),
             ('72', '8', '18'),
             ('73', '8', '22'),
             ('74', '8', '14'),
             ('75', '8', '15'),
             ('76', '8', '16'),
             ('77', '9', '2'),
             ('78', '9', '3'),
             ('79', '9', '5'),
             ('80', '9', '11'),
             ('81', '9', '12'),
             ('82', '9', '21'),
             ('83', '9', '20'),
             ('84', '9', '29');